"(PDH-CSV 4.0) (Eastern Daylight Time)(240)","\\PRAKYATH\Memory\Pages Input/sec","\\PRAKYATH\Memory\Pages/sec","\\PRAKYATH\Paging File(_Total)\% Usage","\\PRAKYATH\Memory\Available MBytes"
"09/30/2026 21:33:42.464"," "," ","20.070720392790970976","3880"
"09/30/2026 21:33:43.500","859.42788531933194918","859.42788531933194918","20.070468671647653025","3456"
"09/30/2026 21:33:44.527","884.26198696005724287","884.26198696005724287","20.070256695948017978","3171"
"09/30/2026 21:33:45.559","617.76957447023107761","617.76957447023107761","20.07011096265451755","3223"
"09/30/2026 21:33:46.570","820.73951398970280025","820.73951398970280025","20.069978477842244757","3247"
"09/30/2026 21:33:47.591","179.33270008311043853","179.33270008311043853","20.069872489992430786","3374"
"09/30/2026 21:33:48.606","562.24406079246682566","562.24406079246682566","20.069342550743339615","3425"
"09/30/2026 21:33:49.619","10.857378560961072012","10.857378560961072012","20.069302805299656711","3406"
"09/30/2026 21:33:50.624","933.60672682557697044","933.60672682557697044","20.069249811374749726","3243"
"09/30/2026 21:33:51.670","1386.5313871022556214","1386.5313871022556214","20.069090829600021664","3256"
"09/30/2026 21:33:52.687","1462.5624822527829565","1462.5624822527829565","20.068825859975479631","3431"
"09/30/2026 21:33:53.701","1582.3969668425761483","1582.3969668425761483","20.068786114531793174","3428"
"09/30/2026 21:33:54.711","642.69369664045484569","642.69369664045484569","20.068507896426023507","3541"
"09/30/2026 21:33:55.723","565.18499927869754629","565.18499927869754629","20.068362163132526632","3601"
"09/30/2026 21:33:56.728","426.97596314431069686","426.97596314431069686","20.068295920726384907","3620"
"09/30/2026 21:33:57.738","313.79343898504350818","313.79343898504350818","20.068242926801481474","3591"
"09/30/2026 21:33:58.752","159.82245106867944173","159.82245106867944173","20.068163435914115666","3649"
"09/30/2026 21:33:59.768","335.54646398479434311","335.54646398479434311","20.068150187432888032","3522"
"09/30/2026 21:34:00.786","192.52377152889710032","192.52377152889710032","20.068017702620615239","3412"
"09/30/2026 21:34:01.800","219.12970761187509083","219.12970761187509083","20.067938211733252984","3588"
"09/30/2026 21:34:02.833","2539.5855233954239338","2539.5855233954239338","20.067765981477297288","3548"
"09/30/2026 21:34:03.846","391.18602564975157065","391.18602564975157065","20.06748776337152762","3601"
"09/30/2026 21:34:04.849","498.37420367277866262","498.37420367277866262","20.067474514890299986","3655"
"09/30/2026 21:34:05.862","159.94199437004178321","159.94199437004178321","20.067395024002934178","3564"
"09/30/2026 21:34:06.877","5.9101573342983959591","5.9101573342983959591","20.06727578767188902","3610"
"09/30/2026 21:34:07.891","19.727986575499695476","19.727986575499695476","20.067183048303299131","3581"
"09/30/2026 21:34:08.906","820.23953357615573623","820.23953357615573623","20.067183048303299131","3582"
"09/30/2026 21:34:09.922","891.88739813312008664","891.88739813312008664","20.067090308934709242","3521"
"09/30/2026 21:34:10.938","52.16764436706571928","52.16764436706571928","20.067050563491029891","3512"
"09/30/2026 21:34:11.954","665.9638469180284801","665.9638469180284801","20.066971072603664084","3145"
"09/30/2026 21:34:12.968","1118.6939184323041445","1118.6939184323041445","20.066785593866480752","3727"
"09/30/2026 21:34:13.971","140.56621266770747525","140.56621266770747525","20.066414636392121196","3880"
"09/30/2026 21:34:14.980","4337.8060250828011704","4337.8060250828011704","20.065646224480939708","3845"
"09/30/2026 21:34:15.993","775.41149408756155026","775.41149408756155026","20.065513739668670468","3863"
"09/30/2026 21:34:17.022","552.76308195436422466","552.76308195436422466","20.065262018525352516","3846"
"09/30/2026 21:34:18.038","3628.5209622884844975","3628.5209622884844975","20.05679623902114983","3799"
"09/30/2026 21:34:19.054","1218.6972352785996918","1218.6972352785996918","20.04978779245194076","3648"
"09/30/2026 21:34:20.070","928.4308643071736924","928.4308643071736924","20.049589065233533347","3405"
"09/30/2026 21:34:21.086","672.78092864059931344","672.78092864059931344","20.049244604721625507","3087"
"09/30/2026 21:34:22.112","277.74196368246083466","277.74196368246083466","20.049138616871807983","3115"
"09/30/2026 21:34:23.148","39182.65578824019758","39182.65578824019758","20.045097830097503788","2869"
"09/30/2026 21:34:24.163","5817.1575531198332101","5817.1575531198332101","20.042474630814510306","3159"
"09/30/2026 21:34:25.187","6472.3092207015442909","6472.3092207015442909","20.041878449159284514","3064"
"09/30/2026 21:34:26.218","16566.388842606982507","16566.388842606982507","20.039944170900110265","3302"
"09/30/2026 21:34:27.233","17390.961587733301712","17390.961587733301712","20.035161469177076299","3381"
"09/30/2026 21:34:28.274","10010.624519823870287","10010.624519823870287","19.989692681605212954","3457"
"09/30/2026 21:34:29.304","9584.1133612656394689","9584.1133612656394689","19.989122996912442431","3460"
"09/30/2026 21:34:30.319","6069.5432545576486518","6069.5432545576486518","19.953259358230322817","3439"
"09/30/2026 21:34:31.335","10778.269826848818411","10778.269826848818411","19.952702922018776377","3269"
"09/30/2026 21:34:32.356","11410.775481315282377","11410.775481315282377","19.949510038043012372","3021"
"09/30/2026 21:34:33.372","1238.8344997794895335","1238.8344997794895335","19.921847209240549859","3112"
"09/30/2026 21:34:34.383","2121.8504277547535821","2121.8504277547535821","19.873079549843104985","3219"
"09/30/2026 21:34:35.399","2229.0681304935437765","2229.0681304935437765","19.746477063235662541","3237"
"09/30/2026 21:34:36.410","1175.8585549054680541","1175.8585549054680541","19.745920627024119653","3253"
"09/30/2026 21:34:37.483","3343.3973629628494564","3343.3973629628494564","19.74560266347466353","3363"
"09/30/2026 21:34:38.494","2601.9187096858477162","3868.7334485211022184","19.757314320879540759","3670"
"09/30/2026 21:34:39.512","5236.9036174103184749","6053.7584748691460845","19.767184439393830075","3559"
"09/30/2026 21:34:40.522","5492.4359443544062742","5492.4359443544062742","19.766680997107194173","3455"
"09/30/2026 21:34:41.532","895.79481250668141001","895.79481250668141001","19.766296791151603429","3417"
"09/30/2026 21:34:42.543","1013.0169712988747506","1013.0169712988747506","19.765780100383743445","3432"
"09/30/2026 21:34:43.556","3652.661146278121123","3652.661146278121123","19.764322767448746276","3334"
"09/30/2026 21:34:44.572","2111.9810993452661023","2111.9810993452661023","19.762454731595706647","3265"
"09/30/2026 21:34:45.581","3102.2374565538088973","3102.2374565538088973","19.762414986152023744","3148"
"09/30/2026 21:34:46.585","1310.4224489306166106","1310.4224489306166106","19.762388489189568475","3128"
"09/30/2026 21:34:47.600","633.47731560096019621","633.47731560096019621","19.762163265008709345","3131"
"09/30/2026 21:34:48.613","3610.5457563100858351","3610.5457563100858351","19.690555223975511723","3094"
"09/30/2026 21:34:49.624","2237.6118435292596587","2237.6118435292596587","19.688422218497926508","3214"
"09/30/2026 21:34:50.634","1164.008961779295305","1164.008961779295305","19.687375588480975352","2976"
"09/30/2026 21:34:51.649","2944.4010260415584526","2944.4010260415584526","19.686434946313841721","3179"
"09/30/2026 21:34:52.659","2668.6999618757149619","2668.6999618757149619","19.68461990438571263","3237"
"09/30/2026 21:34:53.702","3013.5212343429016073","3013.5212343429016073","19.68284460790126289","3236"
"09/30/2026 21:34:54.713","4162.8476727178658621","4162.8476727178658621","19.681996705102719147","3096"
"09/30/2026 21:34:55.725","1141.2082698176002395","1141.2082698176002395","19.68100306901067853","3132"
"09/30/2026 21:34:56.741","1752.0430002535538279","1752.0430002535538279","19.680022681399861995","3133"
"09/30/2026 21:34:57.753","1771.610111002785743","1771.610111002785743","19.679307263413591045","3257"
"09/30/2026 21:34:58.767","1742.2945150575781099","1742.2945150575781099","19.678538851502409557","3163"
"09/30/2026 21:34:59.778","2374.3206447871998535","2374.3206447871998535","19.675292973601738566","3052"
"09/30/2026 21:35:00.792","3169.3373806974727813","3169.3373806974727813","19.671543653414431674","3121"
"09/30/2026 21:35:01.964","1255.9405475969047075","1255.9405475969047075","19.656440384815386579","3056"
"09/30/2026 21:35:02.981","1213.0129431334023593","1213.0129431334023593","19.656082675822251105","2992"
"09/30/2026 21:35:03.994","1358.3398069026745816","1358.3398069026745816","19.655976687972433581","2858"
"09/30/2026 21:35:05.006","1088.0441147041601653","1088.0441147041601653","19.655446748723342409","2959"
"09/30/2026 21:35:06.017","905.3015049771795475","905.3015049771795475","19.655261269986162631","2971"
"09/30/2026 21:35:07.031","3207.3121590258920151","3207.3121590258920151","19.655195027580024458","2611"
"09/30/2026 21:35:08.043","513.78114168295542186","513.78114168295542186","19.655062542767755218","3104"
"09/30/2026 21:35:09.055","1185.8035597822863565","1185.8035597822863565","19.654532603518664047","2868"
"09/30/2026 21:35:10.071","1006.8693489088705064","1006.8693489088705064","19.654108652119393952","3264"
"09/30/2026 21:35:11.089","1263.2327315102540979","1263.2327315102540979","19.654002664269572875","3403"
"09/30/2026 21:35:12.102","4068.2021309367087269","4068.2021309367087269","19.65074353788767425","3404"
"09/30/2026 21:35:13.112","1909.3337801649731773","1909.3337801649731773","19.649259707990225365","3391"
"09/30/2026 21:35:14.123","474.02853097568623753","474.02853097568623753","19.649180217102863111","3373"
"09/30/2026 21:35:15.134","492.34254109453672754","492.34254109453672754","19.647537405430686164","3355"
"09/30/2026 21:35:16.149","131.00904248051929812","131.00904248051929812","19.647418169099641005","3366"
"09/30/2026 21:35:17.161","138.29467453879468053","138.29467453879468053","19.647365175174730467","3393"
"09/30/2026 21:35:18.196","134.37636460890047374","134.37636460890047374","19.647206193400005958","2999"
"09/30/2026 21:35:19.258","3192.9721478131482399","3192.9721478131482399","19.64715319947509542","2350"
"09/30/2026 21:35:20.289","2053.8315357537435375","2053.8315357537435375","19.638899395670527781","3034"
"09/30/2026 21:35:21.306","2514.5678806518058082","2514.5678806518058082","19.593616086835847767","2736"
"09/30/2026 21:35:22.357","861.70508419315194715","861.70508419315194715","19.592013020607350171","2690"
"09/30/2026 21:35:23.389","195.80739531574428725","195.80739531574428725","19.591986523644898455","2834"
"09/30/2026 21:35:24.403","270.08053722764498161","270.08053722764498161","19.591960026682443186","2912"
"09/30/2026 21:35:25.422","411.52558427056897017","411.52558427056897017","19.591787796426487489","2843"
"09/30/2026 21:35:26.443","271.20035332412817297","271.20035332412817297","19.591734802501576951","3060"
"09/30/2026 21:35:27.452","328.16908222905925641","328.16908222905925641","19.591628814651759427","3134"
"09/30/2026 21:35:28.470","95.288803663805396127","95.288803663805396127","19.591562572245624807","3207"
"09/30/2026 21:35:29.487","39.335648432921850315","39.335648432921850315","19.591509578320714269","3226"
"09/30/2026 21:35:30.521","79.260097325600000318","79.260097325600000318","19.59139034198966911","3241"
"09/30/2026 21:35:31.536","3428.5214363376767324","3428.5214363376767324","19.591125372365127078","3121"
"09/30/2026 21:35:32.551","15053.673797058621858","15053.673797058621858","19.570881693049912542","2858"
"09/30/2026 21:35:33.571","9510.2560980304806435","9510.2560980304806435","19.537376284026240825","2752"
"09/30/2026 21:35:34.601","1801.1203668145806205","1801.1203668145806205","19.53565398146669807","2678"
"09/30/2026 21:35:35.621","437.51603898483722332","437.51603898483722332","19.51625820495003083","2649"
"09/30/2026 21:35:36.629","968.04403330785612525","968.04403330785612525","19.444822394172788904","2802"
"09/30/2026 21:35:37.643","632.98178195611478714","632.98178195611478714","19.414231651019107971","2955"
"09/30/2026 21:35:38.665","806.38831786026821646","806.38831786026821646","19.339867925890647626","2991"
"09/30/2026 21:35:39.672","2269.0582514144357447","2269.0582514144357447","19.336741284321018242","2969"
"09/30/2026 21:35:40.685","1809.3992814128200735","1809.3992814128200735","19.309913109835871836","2972"
"09/30/2026 21:35:41.710","3509.6750040946208173","3509.6750040946208173","19.239947880474854713","2955"
"09/30/2026 21:35:42.729","7078.1597844517800695","7078.1597844517800695","19.142346319273823241","2979"
"09/30/2026 21:35:43.742","1301.540330518168048","1301.540330518168048","19.141418925587920796","2956"
"09/30/2026 21:35:44.754","1392.7021812641919496","1392.7021812641919496","19.141286440775644451","2967"
"09/30/2026 21:35:45.764","242.36263405250406322","242.36263405250406322","19.141206949888282196","2930"
"09/30/2026 21:35:46.778","553.57774037263186528","553.57774037263186528","19.140902234820057259","2951"
"09/30/2026 21:35:47.792","20396.343393977578671","20396.343393977578671","19.140677010639191025","2781"
"09/30/2026 21:35:48.806","60.166103817697106138","60.166103817697106138","19.140650513676739308","2733"
"09/30/2026 21:35:49.821","905.85025665100863534","905.85025665100863534","19.139656877584695138","2718"
"09/30/2026 21:35:50.838","401.23959432316780749","401.23959432316780749","19.139590635178560518","2720"
"09/30/2026 21:35:51.851","537.80290638558551564","537.80290638558551564","19.139166683779286871","2849"
"09/30/2026 21:35:52.864","10044.736297534291225","10044.736297534291225","19.135059654598844503","2458"
"09/30/2026 21:35:53.878","2984.8051218269174569","2984.8051218269174569","19.134993412192709883","2735"
"09/30/2026 21:35:54.894","1048.3388554049347476","1048.3388554049347476","19.13486092738043709","2722"
"09/30/2026 21:35:55.912","1041.1656261722321233","1041.1656261722321233","19.134834430417981821","2714"
"09/30/2026 21:35:56.915","3323.375169582844137","3323.375169582844137","19.134754939530619566","2780"
"09/30/2026 21:35:57.935","19137.654654051748366","19137.654654051748366","19.13451646686852925","2616"
"09/30/2026 21:35:58.943","16300.177143930486636","16300.177143930486636","19.093300441770605147","2514"
"09/30/2026 21:35:59.963","6214.9513495806604624","6214.9513495806604624","19.093075217589746018","2528"
"09/30/2026 21:36:00.966","5300.0102870239161348","5300.0102870239161348","19.09258502378433775","2811"
"09/30/2026 21:36:01.981","7543.7594173905663411","7543.7594173905663411","19.091949096685429055","2799"
"09/30/2026 21:36:02.995","3696.3470153057751304","3696.3470153057751304","19.091896102760518517","2573"
"09/30/2026 21:36:04.006","2789.5811614898620974","2789.5811614898620974","19.091829860354383896","2763"
"09/30/2026 21:36:05.023","585.6929293673030088","585.6929293673030088","19.091737120985794007","2684"
"09/30/2026 21:36:06.036","295.99311164830572807","295.99311164830572807","19.091034951480750692","2514"
"09/30/2026 21:36:07.052","298.49184777388626344","298.49184777388626344","19.090995206037067788","2586"
"09/30/2026 21:36:08.066","135.09082886112020105","135.09082886112020105","19.090955460593388437","2165"
"09/30/2026 21:36:09.078","1479.9709933589019784","1479.9709933589019784","19.090915715149701981","2572"
"09/30/2026 21:36:10.091","729.22977941539249969","729.22977941539249969","19.09080972729988801","2612"
"09/30/2026 21:36:11.105","830.65081787536882985","830.65081787536882985","19.090650745525159948","2859"
"09/30/2026 21:36:12.118","1422.2576311623060974","1422.2576311623060974","19.090637497043932314","2857"
"09/30/2026 21:36:13.134","1711.0986208131616877","1711.0986208131616877","19.090624248562704679","3074"
"09/30/2026 21:36:14.143","587.70460519580433356","587.70460519580433356","19.090372527419390281","3072"
"09/30/2026 21:36:15.157","415.04370775007862449","415.04370775007862449","19.09016055171975168","3042"
"09/30/2026 21:36:16.182","848.53395764625656739","848.53395764625656739","19.089988321463799537","3053"
"09/30/2026 21:36:17.189","350.84838718077520525","350.84838718077520525","19.089961824501344267","3084"
"09/30/2026 21:36:18.197","1012.559406047131688","1012.559406047131688","19.089922079057661364","3144"
"09/30/2026 21:36:19.204","2687.7851488249284557","2687.7851488249284557","19.040068044199582431","3141"
