t_s,commit_mib,avail_mib,active_procs
0.02,36448,4026,1
0.27,36452,4016,4
0.52,37378,3785,14
0.80,37723,3478,20
1.05,37945,3108,20
1.31,37249,3617,9
1.56,37254,3503,10
1.81,37140,3568,7
2.06,37346,3446,14
2.32,38072,3262,15
2.57,38210,3053,16
2.83,37948,3159,14
3.08,37936,3178,12
3.33,37806,3242,16
3.60,37737,3231,17
3.85,37948,3163,15
4.10,37819,3218,14
4.35,37812,3207,13
4.61,37706,3218,11
4.86,37510,3243,9
5.11,37288,3285,8
5.36,37371,3193,8
5.61,37535,3085,7
5.86,37601,2999,7
6.12,37460,3056,7
6.37,37496,3020,7
6.62,37477,3032,7
6.87,37470,3052,7
7.12,37514,2994,7
7.37,37447,3050,6
7.63,37261,3163,6
7.88,37225,3194,6
8.13,37253,3176,6
8.38,37246,3177,6
8.63,37208,3211,5
8.88,37221,3187,5
9.13,37227,3183,5
9.38,37275,3092,5
9.64,37390,3038,7
9.89,37310,3115,7
10.14,37323,3113,6
10.39,37226,3103,6
10.64,37234,3096,5
10.89,37112,3113,5
11.14,37091,3160,4
11.39,37229,3114,5
11.64,37279,3080,8
11.90,37539,3003,8
12.15,37584,2962,8
12.40,37594,2956,7
12.65,37649,2907,7
12.90,37748,2905,9
13.16,38027,2845,10
13.41,37914,2850,10
13.66,37808,2854,10
13.91,37825,2824,10
14.17,37848,2803,10
14.42,37868,2783,10
14.67,37890,2760,11
14.93,37916,2743,11
15.18,37891,2746,10
15.44,37879,2759,10
15.69,37769,2753,9
15.94,37609,2821,9
16.19,37451,2843,9
16.45,37179,3014,8
16.70,37142,3037,8
16.95,37147,3014,8
17.20,37101,3095,7
17.45,37077,3100,7
17.70,37064,3118,6
17.95,36854,3232,6
18.20,36846,3243,5
18.45,36840,3246,5
18.71,36832,3261,5
18.96,36873,3234,5
19.21,36930,3183,5
19.46,36942,3162,4
19.71,36950,3156,4
19.96,36951,3157,4
20.21,36952,3158,4
20.46,37016,3105,4
20.71,37013,3111,4
20.97,36996,3110,4
21.22,36997,3108,4
21.47,37004,3096,4
21.72,36992,3119,4
21.97,37019,3093,4
22.22,36999,3112,4
22.47,36997,3117,4
22.72,37014,3101,4
22.98,37008,3112,4
23.23,36991,3108,4
23.48,36990,3102,4
23.73,36991,3098,4
23.98,36992,3099,4
24.23,36984,3111,4
24.48,37125,3166,4
24.73,37170,3151,4
24.98,37174,3124,4
25.24,37192,3080,4
25.49,37200,3065,4
25.74,37207,3048,4
25.99,37246,3034,4
26.24,37274,2994,4
26.49,37355,2925,4
26.74,37330,2927,4
26.99,37325,2924,4
27.24,37333,2929,4
27.49,37331,2932,4
27.75,37347,2910,4
28.00,37311,2934,4
28.25,37300,2941,4
28.50,37309,2947,4
28.75,37310,2954,4
29.00,37346,2919,4
29.25,37306,2952,4
29.51,37305,2947,4
29.76,37301,2946,4
30.01,37303,2953,4
30.26,36928,3116,4
30.51,36929,3116,4
30.76,36913,3136,4
31.01,36914,3136,4
31.26,36942,3133,4
31.51,36922,3150,4
31.76,37158,2918,5
32.01,37298,2711,6
32.27,37317,2665,5
32.52,36937,3086,4
32.77,36938,3105,4
33.02,36924,3117,4
33.27,36921,3128,4
33.52,36937,3120,4
33.77,36888,3201,3
34.02,36860,3216,3
34.27,36852,3226,3
34.53,36852,3227,3
34.78,36847,3223,3
35.03,36832,3264,3
35.28,36874,3173,6
35.53,36875,3162,4
35.78,36871,3203,4
36.03,36898,3183,5
36.28,36971,3177,5
36.53,36992,3129,4
36.78,37123,3080,5
37.04,37010,3130,6
37.29,37015,3141,4
37.54,37031,3107,4
37.79,37043,3089,4
38.04,37067,3075,4
38.29,37096,3051,4
38.54,37087,3052,4
38.79,37109,3026,4
39.04,36889,3155,4
39.29,36897,3158,4
39.55,36852,3242,4
39.80,36983,3195,4
40.05,36987,3180,4
40.30,37011,3150,4
40.55,37034,3123,4
40.80,37054,3116,4
41.05,37088,3150,4
41.30,37100,3173,4
41.55,37127,3169,4
41.80,36938,3307,4
42.05,37106,3245,5
42.31,36877,3451,4
42.56,37300,3436,5
42.81,37348,3413,5
43.06,37352,3392,5
43.31,37394,3354,5
43.56,37410,3343,5
43.81,37438,3302,5
44.06,37475,3254,5
44.31,37493,3236,5
44.56,37501,3216,5
44.81,37520,3173,5
45.06,37575,3124,5
45.31,37630,3047,5
45.56,37640,3016,5
45.82,37663,2999,5
46.07,37678,2986,5
46.32,37658,2966,5
46.57,37313,3095,5
46.82,37350,3055,5
47.08,37554,2963,6
47.34,37631,2781,6
47.60,37817,2614,6
47.85,37835,2577,7
48.10,37791,2560,6
48.35,37315,2939,6
48.60,37320,3022,6
48.85,37429,2747,6
49.10,37436,2770,6
49.35,37048,3183,5
49.60,37050,3224,5
49.85,37010,3243,4
50.11,36990,3299,3
50.36,36981,3306,3
50.61,36958,3284,4
50.86,36919,3323,3
51.11,36905,3323,3
51.36,36911,3313,4
51.61,36915,3314,4
51.86,36932,3297,4
52.11,36927,3279,4
52.36,36861,3355,4
52.61,36848,3349,4
52.86,36858,3338,8
53.11,36853,3336,6
53.36,36867,3323,7
53.62,36884,3307,8
53.87,36880,3301,8
54.12,36880,3300,7
54.37,36904,3280,11
54.63,36911,3266,10
54.89,36946,3242,10
55.14,36941,3255,13
55.39,36921,3268,8
55.65,36920,3271,9
55.90,36922,3269,8
56.15,36939,3256,6
56.40,36869,3330,9
56.65,36872,3324,7
56.90,36869,3326,7
57.16,36888,3322,9
57.41,36898,3314,8
57.66,36886,3313,7
57.91,36871,3333,0
58.18,36880,3326,1
58.43,36900,3297,4
58.69,36908,3274,8
58.94,37904,3051,15
59.20,37949,2994,18
59.48,38429,2571,21
59.74,38081,2613,16
59.99,37755,2881,10
60.24,37757,2776,10
60.49,37673,2884,9
60.75,37745,2834,15
61.01,38492,2587,15
61.28,38377,2613,14
61.54,38288,2593,12
61.83,38238,2535,11
62.12,38314,2493,14
62.38,38741,2475,16
62.65,38419,2559,15
62.91,38265,2718,15
63.17,38401,2676,15
63.45,38335,2609,14
63.70,38407,2649,16
63.97,38215,2773,14
64.24,38154,2750,12
64.50,37879,2773,13
64.75,37984,2753,11
65.01,38080,2749,11
65.27,37868,2805,10
65.52,37888,2799,9
65.77,37765,2824,9
66.03,37728,2849,7
66.29,37765,2811,7
66.54,37804,2765,7
66.79,37807,2758,7
67.04,37791,2777,7
67.30,37381,3004,7
67.55,37372,3023,7
67.80,37351,3014,6
68.05,37336,3129,7
68.30,37338,3135,6
68.55,37361,3110,6
68.80,37281,3112,6
69.05,37276,3125,5
69.30,37292,3095,5
69.55,37328,3059,5
69.80,37173,3117,5
70.05,37153,3150,4
70.30,37219,3157,5
70.56,37265,3105,5
70.81,37326,3046,5
71.06,37257,3115,5
71.32,37620,3069,8
71.57,37562,3016,8
71.82,37601,2976,8
72.07,37593,2977,7
72.32,37883,2902,10
72.58,37835,2941,10
72.84,37562,3050,10
73.09,37523,3075,10
73.34,37545,3058,10
73.60,37576,3029,10
73.85,37580,2995,10
74.10,37379,3101,9
74.35,37387,3096,10
74.61,37281,3088,10
74.86,37311,3064,9
75.11,37137,3114,9
75.36,37147,3098,8
75.61,37153,3104,8
75.88,37151,3086,8
76.13,37076,3156,7
76.39,37087,3139,7
76.64,37114,3101,7
76.89,36920,3202,7
77.14,36919,3209,7
77.39,36917,3211,7
77.64,36936,3195,7
77.89,36939,3198,7
78.14,36924,3218,6
78.39,36927,3221,6
78.64,36915,3227,5
78.90,36899,3249,4
79.15,36928,3212,4
79.40,36935,3221,4
79.65,36944,3208,4
79.90,36929,3208,4
80.15,36929,3214,4
80.40,36911,3228,4
80.65,36857,3257,4
80.90,36860,3267,4
81.15,36852,3264,4
81.40,36827,3313,4
81.65,37035,3285,4
81.90,37083,3256,4
82.16,37050,3277,4
82.41,37048,3271,4
82.66,37057,3251,4
82.91,37079,3230,4
83.16,37100,3214,4
83.41,37157,3156,4
83.66,37178,3138,4
83.91,37173,3127,4
84.16,37177,3124,4
84.41,37169,3114,4
84.66,37189,3103,4
84.91,37201,3099,4
85.17,37203,3102,4
85.42,36832,3246,4
85.67,37107,3014,5
85.92,37194,2844,5
86.17,37185,2794,5
86.42,36833,3218,4
86.67,36829,3223,4
86.92,36834,3216,4
87.17,36836,3219,4
87.42,36798,3284,3
87.67,36789,3304,3
87.92,37099,3206,6
88.17,37198,3004,7
88.42,36812,3270,3
88.68,36737,3342,4
88.93,36742,3332,4
89.18,36870,3266,4
89.43,36888,3247,5
89.68,36873,3294,4
89.93,36902,3239,4
90.18,36930,3218,4
90.43,36926,3228,4
90.68,36943,3215,4
90.93,36981,3158,4
91.18,36786,3282,4
91.43,36784,3282,4
91.68,36880,3310,4
91.93,36895,3295,4
92.19,36924,3255,4
92.44,36964,3218,4
92.69,36962,3218,4
92.94,36979,3188,4
93.19,37020,3159,4
93.44,36818,3267,4
93.69,37006,3135,5
93.94,37176,3297,5
94.19,37233,3247,5
94.44,37279,3204,5
94.69,37326,3157,5
94.94,37307,3166,5
95.19,37328,3143,5
95.44,37354,3110,5
95.69,37350,3098,5
95.94,37408,3043,5
96.19,37450,3020,5
96.46,37451,3009,5
96.71,37376,3073,5
96.96,37104,3112,5
97.21,37030,3191,5
97.46,37248,2983,6
97.72,37454,2688,6
97.97,37409,2698,6
98.22,36768,3241,5
98.47,36931,3163,6
98.72,37060,2935,6
98.97,36910,3179,6
99.22,36767,3269,4
99.48,36740,3284,4
99.73,36712,3337,3
99.98,36707,3357,3
100.23,36709,3382,3
100.48,36711,3369,3
100.74,36725,3358,4
101.00,36756,3336,4
101.25,36758,3343,4
101.50,36783,3332,4
101.75,36747,3364,6
102.00,36760,3352,6
102.25,36704,3399,8
102.50,36702,3403,6
102.75,36689,3429,6
103.00,36697,3422,5
103.25,36698,3415,7
103.50,36720,3399,11
103.75,36738,3377,11
104.00,36745,3380,10
104.26,36735,3391,7
104.51,36739,3392,8
104.76,36722,3405,7
105.01,36730,3397,7
105.26,36711,3400,8
105.51,36708,3420,8
105.76,36712,3415,7
106.01,36695,3440,0
106.29,36700,3433,1
106.54,36725,3393,4
106.79,36739,3389,7
107.04,37617,3230,14
107.30,37662,3080,16
107.58,38032,2817,20
107.84,38290,2570,22
108.15,37927,2701,16
108.42,37558,2990,10
108.67,37329,3082,9
108.92,37302,3097,7
109.17,37321,3078,7
109.42,37517,2966,8
109.67,37572,2908,14
109.93,38426,2632,16
110.19,38106,2802,14
110.44,37927,2816,15
110.69,38136,2791,13
110.94,37982,2782,16
111.20,37738,2843,15
111.45,37979,2795,14
111.73,38274,2621,14
111.98,38001,2736,13
112.24,37926,2737,12
112.49,37970,2767,11
112.76,37722,2785,12
113.04,37503,2823,9
113.29,37585,2824,8
113.54,37618,2811,7
113.80,37648,2776,7
114.06,37693,2728,7
114.32,37277,2964,7
114.57,37164,3066,7
114.82,37187,3073,7
115.07,37108,3116,5
115.32,37141,3087,6
115.57,37150,3152,7
115.82,37176,3142,6
116.07,37209,3106,6
116.32,37101,3151,6
116.57,37110,3140,5
116.82,37148,3094,5
117.07,36989,3160,5
117.33,36977,3175,4
117.58,36978,3176,4
117.83,37121,3145,5
118.08,37174,3084,5
118.33,37195,3061,5
118.58,37557,2983,8
118.83,37506,2955,8
119.08,37565,2916,8
119.33,37552,2924,7
119.59,37590,2883,8
119.84,37726,2864,10
120.09,37981,2829,10
120.34,37751,2858,10
120.61,37490,3005,10
120.87,37490,2999,10
121.12,37508,2991,10
121.37,37301,3059,10
121.62,37115,3145,11
121.88,37115,3141,8
122.13,36967,3177,8
122.38,37008,3148,8
122.63,37030,3120,8
122.88,37025,3126,8
123.13,37005,3157,7
123.38,37016,3149,7
123.64,37013,3145,7
123.89,37021,3133,7
124.14,37018,3159,7
124.39,36824,3257,7
124.64,36828,3242,7
124.89,36801,3251,6
125.14,36805,3228,6
125.39,36809,3219,6
125.66,36728,3280,4
125.91,36691,3265,4
126.16,36726,3265,4
126.41,36698,3278,4
126.66,36699,3284,4
126.91,36705,3274,4
127.16,36702,3281,4
127.41,36708,3283,4
127.66,36720,3268,4
127.91,36722,3264,4
128.16,36715,3263,4
128.41,36713,3262,4
128.67,36714,3217,4
128.92,36681,3243,4
129.17,36877,3218,4
129.42,36909,3232,4
129.67,36948,3181,4
129.92,36964,3147,4
130.17,36977,3141,4
130.42,37010,3113,4
130.67,37019,3096,4
130.92,37057,3069,4
131.17,37138,3005,4
131.42,37139,3003,4
131.67,37114,3000,4
131.93,37131,2981,4
132.18,37139,2990,4
132.43,37187,2959,4
132.68,37188,2954,4
132.93,36822,3099,4
133.18,37011,3092,5
133.43,37052,2980,5
133.68,37083,2917,5
133.93,37126,2815,5
134.18,36757,3245,4
134.43,36743,3259,4
134.68,36753,3254,4
134.93,36747,3270,4
135.18,36715,3329,3
135.44,36690,3374,2
135.69,36991,3279,6
135.94,37059,3174,7
136.19,36723,3318,3
136.44,36717,3329,4
136.69,36741,3280,5
136.94,36847,3257,4
137.19,36878,3207,5
137.44,36869,3222,6
137.69,36886,3234,4
137.94,36903,3205,4
138.19,36922,3187,4
138.44,36931,3176,4
138.69,36955,3146,4
138.94,36945,3156,4
139.20,36788,3248,4
139.45,36767,3276,4
139.70,36875,3251,4
139.95,36890,3232,4
140.20,36911,3203,4
140.45,36855,3258,4
140.70,36862,3255,4
140.95,36881,3244,4
141.20,36907,3197,4
141.45,36700,3309,4
141.70,36921,3174,5
141.95,37059,3346,5
142.20,37115,3291,5
142.45,37161,3239,5
142.70,37182,3214,5
142.95,37211,3204,5
143.21,37245,3170,5
143.46,37271,3136,5
143.71,37295,3108,5
143.96,37379,3020,5
144.21,37362,3018,5
144.46,37380,3010,5
144.71,37029,3102,5
144.96,37183,3071,6
145.21,37290,2837,6
145.46,37400,2658,6
145.71,37479,2598,7
145.97,37442,2601,6
146.22,37355,2619,6
146.47,36784,3134,5
146.72,36993,3041,6
146.97,36971,2901,6
147.22,36904,2951,5
147.47,36697,3255,4
147.72,36712,3269,4
147.97,36698,3299,4
148.22,36657,3376,3
148.47,36665,3374,3
148.73,36671,3371,3
148.98,36676,3357,3
149.23,36703,3327,4
149.48,36703,3345,8
149.73,36704,3342,7
149.98,36712,3329,8
150.23,36688,3351,5
150.48,36692,3352,7
150.73,36699,3340,6
150.98,36705,3347,8
151.24,36718,3340,12
151.49,36739,3322,13
151.74,36730,3321,8
151.99,36738,3317,8
152.24,36721,3326,7
152.49,36722,3329,7
152.74,36720,3333,7
152.99,36732,3315,7
153.24,36747,3306,7
153.49,36744,3311,8
153.74,36657,3403,0
