# after: db1abd0 test: portable testjob fixture, used by nine sampled e2e tests (#40) on Linux 5.15.167.4-microsoft-standard-WSL2, features: --features test-fixtures
after	a_job_that_succeeds_gives_the_exit_code_zero	run 1	pass	0.2 s
after	a_job_that_succeeds_gives_the_exit_code_zero	run 2	pass	0.2 s
after	a_job_that_succeeds_gives_the_exit_code_zero	run 3	pass	0.2 s
after	a_job_that_fails_gives_the_exit_code_one	run 1	pass	0.2 s
after	a_job_that_fails_gives_the_exit_code_one	run 2	pass	0.2 s
after	a_job_that_fails_gives_the_exit_code_one	run 3	pass	0.2 s
after	a_usage_error_of_a_command_that_speaks_for_a_job_uses_the_band	run 1	pass	0.1 s
after	a_usage_error_of_a_command_that_speaks_for_a_job_uses_the_band	run 2	pass	0.1 s
after	a_usage_error_of_a_command_that_speaks_for_a_job_uses_the_band	run 3	pass	0.1 s
after	a_signal_to_the_wait_gives_the_code_of_a_broken_wait	run 1	pass	1.1 s
after	a_signal_to_the_wait_gives_the_code_of_a_broken_wait	run 2	pass	1.1 s
after	a_signal_to_the_wait_gives_the_code_of_a_broken_wait	run 3	pass	1.1 s
after	follow_obeys_the_time_limit_of_the_reader	run 1	pass	2.5 s
after	follow_obeys_the_time_limit_of_the_reader	run 2	pass	2.3 s
after	follow_obeys_the_time_limit_of_the_reader	run 3	pass	2.3 s
after	a_wait_gives_the_exit_code_of_the_job	run 1	pass	0.2 s
after	a_wait_gives_the_exit_code_of_the_job	run 2	pass	0.2 s
after	a_wait_gives_the_exit_code_of_the_job	run 3	pass	0.2 s
after	status_with_wait_ends_with_the_record_of_the_job	run 1	pass	0.2 s
after	status_with_wait_ends_with_the_record_of_the_job	run 2	pass	0.2 s
after	status_with_wait_ends_with_the_record_of_the_job	run 3	pass	0.2 s
after	a_job_that_is_too_large_runs_when_the_queue_is_empty	run 1	pass	2.5 s
after	a_job_that_is_too_large_runs_when_the_queue_is_empty	run 2	pass	1.7 s
after	a_job_that_is_too_large_runs_when_the_queue_is_empty	run 3	pass	3.3 s
after	a_wait_for_many_jobs_says_why_the_later_job_waits	run 1	pass	12.4 s
after	a_wait_for_many_jobs_says_why_the_later_job_waits	run 2	pass	12.4 s
after	a_wait_for_many_jobs_says_why_the_later_job_waits	run 3	pass	13.8 s
after	the_harness_stops_a_coordinator_on_a_long_socket_path	run 1	pass	0.1 s
after	the_harness_stops_a_coordinator_on_a_long_socket_path	run 2	pass	0.1 s
after	the_harness_stops_a_coordinator_on_a_long_socket_path	run 3	pass	0.1 s
