# before: d73c760 ci(review): confirm one Reviewed-at line on ready PRs (#39) on Linux 5.15.167.4-microsoft-standard-WSL2, features: none
before	a_job_that_succeeds_gives_the_exit_code_zero	run 1	pass	0.3 s
before	a_job_that_succeeds_gives_the_exit_code_zero	run 2	pass	0.2 s
before	a_job_that_succeeds_gives_the_exit_code_zero	run 3	pass	0.2 s
before	a_job_that_fails_gives_the_exit_code_one	run 1	pass	0.2 s
before	a_job_that_fails_gives_the_exit_code_one	run 2	pass	0.2 s
before	a_job_that_fails_gives_the_exit_code_one	run 3	pass	0.2 s
before	a_usage_error_of_a_command_that_speaks_for_a_job_uses_the_band	run 1	pass	0.1 s
before	a_usage_error_of_a_command_that_speaks_for_a_job_uses_the_band	run 2	pass	0.1 s
before	a_usage_error_of_a_command_that_speaks_for_a_job_uses_the_band	run 3	pass	0.1 s
before	a_signal_to_the_wait_gives_the_code_of_a_broken_wait	run 1	pass	1.1 s
before	a_signal_to_the_wait_gives_the_code_of_a_broken_wait	run 2	pass	1.1 s
before	a_signal_to_the_wait_gives_the_code_of_a_broken_wait	run 3	pass	1.3 s
before	follow_obeys_the_time_limit_of_the_reader	run 1	pass	2.4 s
before	follow_obeys_the_time_limit_of_the_reader	run 2	pass	2.4 s
before	follow_obeys_the_time_limit_of_the_reader	run 3	pass	2.3 s
before	a_wait_gives_the_exit_code_of_the_job	run 1	pass	0.2 s
before	a_wait_gives_the_exit_code_of_the_job	run 2	pass	0.2 s
before	a_wait_gives_the_exit_code_of_the_job	run 3	pass	0.2 s
before	status_with_wait_ends_with_the_record_of_the_job	run 1	pass	0.2 s
before	status_with_wait_ends_with_the_record_of_the_job	run 2	pass	0.2 s
before	status_with_wait_ends_with_the_record_of_the_job	run 3	pass	0.2 s
before	a_job_that_is_too_large_runs_when_the_queue_is_empty	run 1	pass	1.6 s
before	a_job_that_is_too_large_runs_when_the_queue_is_empty	run 2	pass	1.6 s
before	a_job_that_is_too_large_runs_when_the_queue_is_empty	run 3	pass	1.6 s
before	a_wait_for_many_jobs_says_why_the_later_job_waits	run 1	pass	12.7 s
before	a_wait_for_many_jobs_says_why_the_later_job_waits	run 2	pass	12.8 s
before	a_wait_for_many_jobs_says_why_the_later_job_waits	run 3	pass	13.9 s
before	the_harness_stops_a_coordinator_on_a_long_socket_path	run 1	pass	0.1 s
before	the_harness_stops_a_coordinator_on_a_long_socket_path	run 2	pass	0.1 s
before	the_harness_stops_a_coordinator_on_a_long_socket_path	run 3	pass	0.1 s
