test	before pass	before mean s	after pass	after mean s
a_job_that_succeeds_gives_the_exit_code_zero	3/3	0.2	3/3	0.2
a_job_that_fails_gives_the_exit_code_one	3/3	0.2	3/3	0.2
a_usage_error_of_a_command_that_speaks_for_a_job_uses_the_band	3/3	0.1	3/3	0.1
a_signal_to_the_wait_gives_the_code_of_a_broken_wait	3/3	1.2	3/3	1.1
follow_obeys_the_time_limit_of_the_reader	3/3	2.4	3/3	2.4
a_wait_gives_the_exit_code_of_the_job	3/3	0.2	3/3	0.2
status_with_wait_ends_with_the_record_of_the_job	3/3	0.2	3/3	0.2
a_job_that_is_too_large_runs_when_the_queue_is_empty	3/3	1.6	3/3	2.5
a_wait_for_many_jobs_says_why_the_later_job_waits	3/3	13.1	3/3	12.9
the_harness_stops_a_coordinator_on_a_long_socket_path	3/3	0.1	3/3	0.1
